algorithm	compute_bootstrap_ci	nb_entities	nb_individuals	nb_individuals_attributes	nb_individuals_attributes_items	nb_contexts_attributes	nb_contexts_attributes_items	support_individuals_threshold	support_context_threshold	quality_threshold	closure_operator	pruning	using_approxmations	nb_random_sample	distance_function	timespent_execution	timespent_init	timespent_total	nb_explored	nb_patterns	timespent
DEPICT	False	127162	1029432	0	0	2	1204	0.01	0.01	0.05	True	True	True	1000	ordinal_complex	3918.766536951065	195.2451479434967	4114.011684894562	26	24	4114.011684894562
DEPICT	False	127162	1029432	3	4	2	1204	0.01	0.01	0.05	True	True	True	1000	ordinal_complex	4311.535551786423	271.74341797828674	4583.2789697647095	207	24	4583.2789697647095
DEPICT	False	127162	1029432	3	6	2	1204	0.01	0.01	0.05	True	True	True	1000	ordinal_complex	4672.64951300621	270.2349359989166	4942.884449005127	529	25	4942.884449005127
DEPICT	False	127162	1029432	3	8	2	1204	0.01	0.01	0.05	True	True	True	1000	ordinal_complex	4828.931078910828	270.3183720111847	5099.249450922012	747	25	5099.249450922012
NAIVE	False	127162	1029432	0	0	2	1204	0.01	0.01	0.05	True	False	False	1000	ordinal_complex	4424.657761096954	197.13963794708252	4621.797399044037	26	24	4621.797399044037
NAIVE	False	127162	1029432	3	4	2	1204	0.01	0.01	0.05	True	False	False	1000	ordinal_complex	7353.757834911346	271.3430600166321	7625.1008949279785	207	24	7625.1008949279785
NAIVE	False	127162	1029432	3	6	2	1204	0.01	0.01	0.05	True	False	False	1000	ordinal_complex	11604.21885895729	271.66298604011536	11875.881844997406	529	25	11875.881844997406
NAIVE	False	127162	1029432	3	8	2	1204	0.01	0.01	0.05	True	False	False	1000	ordinal_complex	12883.852224826813	269.71697902679443	13153.569203853607	747	25	13153.569203853607
